review_id;issue_type;content_sha256;human_decision;selected_annotation;notes;decision_status
C-02cc0bee93ca805e-1;ANNOTATION_CONFLICT;02cc0bee93ca805ecde786e9c50a1073d0212ae3022205163480a4e7aa73b11b;KEEP_A;D:\temp\Dropbox\projects\NAZV2026\Anotacie\hotove_anotacie\oliver\19_4_Plocha_1_part1\DJI_0061_W_29.json;;PENDING
C-0c0165c21d9c525e-1;ANNOTATION_CONFLICT;0c0165c21d9c525ef01bb18929f424791aac048541998b3ad3f25f292ab23fe7;KEEP_A;D:\temp\Dropbox\projects\NAZV2026\Anotacie\hotove_anotacie\oliver\19_4_Plocha_1_part1\DJI_0061_W_27.json;;PENDING
C-10aa5fd1f11bdfdd-1;ANNOTATION_CONFLICT;10aa5fd1f11bdfdd963c746bff8d6d1738530530e2ceb78b4a113ef4b966e643;KEEP_A;D:\temp\Dropbox\projects\NAZV2026\Anotacie\hotove_anotacie\Jakub\1.2.2026_hotovo (1)\1.2.2026_hotovo\DJI_0049_W_17.json;;PENDING
C-1998f56815d9fb75-1;ANNOTATION_CONFLICT;1998f56815d9fb75f6a87d629b157d326b08db519bd2e438cf0d5fbb61b669e7;KEEP_A;D:\temp\Dropbox\projects\NAZV2026\Anotacie\hotove_anotacie\Jakub\1.2.2026_hotovo (1)\1.2.2026_hotovo\DJI_0049_W_26.json;;PENDING
C-30e7cc055f95a7d1-1;ANNOTATION_CONFLICT;30e7cc055f95a7d100f400ebb4a16792cd62f8ec879e3f4f1004c6aefef696cf;KEEP_A;D:\temp\Dropbox\projects\NAZV2026\Anotacie\hotove_anotacie\Jakub\1.2.2026_hotovo (1)\1.2.2026_hotovo\DJI_0049_W_28.json;;PENDING
C-35a18a77da084f71-1;ANNOTATION_CONFLICT;35a18a77da084f71f740012d8f5d2c346685a66d5f40e14c12755a5a6b9eeed9;KEEP_A;D:\temp\Dropbox\projects\NAZV2026\Anotacie\hotove_anotacie\oliver\19_4_Plocha_1_part1\DJI_0061_W_32.json;;PENDING
C-35e5575596500c5e-1;ANNOTATION_CONFLICT;35e5575596500c5efb1d800dd1129664273c4385609c9d13fd68324e8781f016;KEEP_A;D:\temp\Dropbox\projects\NAZV2026\Anotacie\hotove_anotacie\Jakub\1.2.2026_hotovo (1)\1.2.2026_hotovo\DJI_0049_W_2.json;;PENDING
C-3733c5002818994b-1;ANNOTATION_CONFLICT;3733c5002818994b9fd241593bbc9908c3eb18ce64eab3f3f29cd3fb1858d01d;KEEP_A;D:\temp\Dropbox\projects\NAZV2026\Anotacie\hotove_anotacie\Jakub\1.2.2026_hotovo (1)\1.2.2026_hotovo\DJI_0049_W_18.json;;PENDING
C-377ae4d172c855e7-1;ANNOTATION_CONFLICT;377ae4d172c855e77d9457c07138d25d4b25a8931c29972b481c044ad3af12f8;KEEP_A;D:\temp\Dropbox\projects\NAZV2026\Anotacie\hotove_anotacie\oliver\19_4_Plocha_1_part1\DJI_0061_W_20.json;;PENDING
C-41a1076dfa2fb9e6-1;ANNOTATION_CONFLICT;41a1076dfa2fb9e67cc8c4e36b7d41b5e1ccc358e1ac819d5f1ec702427950fb;KEEP_B;D:\temp\Dropbox\projects\NAZV2026\Anotacie\hotove_anotacie\oliver\hotove-stromceky\DJI_0061_W_11.json;;PENDING
C-46418113986ec316-1;ANNOTATION_CONFLICT;46418113986ec31692a763d2dcbf83dde376990b36ca9a62dc3af7d9fd085499;KEEP_A;D:\temp\Dropbox\projects\NAZV2026\Anotacie\hotove_anotacie\oliver\19_4_Plocha_1_part1\DJI_0061_W_16.json;;PENDING
C-48477ff179b2f026-1;ANNOTATION_CONFLICT;48477ff179b2f0268c04cf8cb718f5fcb20f2c18ca58bbc096d8d602f4f77a4f;KEEP_A;D:\temp\Dropbox\projects\NAZV2026\Anotacie\hotove_anotacie\Jakub\1.2.2026_hotovo (1)\1.2.2026_hotovo\DJI_0049_W_14.json;;PENDING
C-4c491d06c19bb251-1;ANNOTATION_CONFLICT;4c491d06c19bb251744df766f68ec27d883944824bbb8df8c8dc5cf2313c0e8b;KEEP_A;D:\temp\Dropbox\projects\NAZV2026\Anotacie\hotove_anotacie\Jakub\1.2.2026_hotovo (1)\1.2.2026_hotovo\DJI_0049_W_22.json;;PENDING
C-4f1fc65b9ea235a8-1;ANNOTATION_CONFLICT;4f1fc65b9ea235a80654dce410c4b7daa16363336de119d3228599c618ea939d;KEEP_A;D:\temp\Dropbox\projects\NAZV2026\Anotacie\hotove_anotacie\oliver\19_4_Plocha_1_part1\DJI_0061_W_13.json;;PENDING
C-590fa92ec82ec82c-1;ANNOTATION_CONFLICT;590fa92ec82ec82cd6b1b79794fbcd58f4946fed754efda7d062f0dbed8f8f28;KEEP_A;D:\temp\Dropbox\projects\NAZV2026\Anotacie\hotove_anotacie\oliver\19_4_Plocha_1_part1\DJI_0061_W_33.json;;PENDING
C-638dc56cfa9eec8d-1;ANNOTATION_CONFLICT;638dc56cfa9eec8dd8dc32c335a9252469f58b6bbdeea4183df5d853ad23940a;KEEP_A;D:\temp\Dropbox\projects\NAZV2026\Anotacie\hotove_anotacie\Jakub\1.2.2026_hotovo (1)\1.2.2026_hotovo\DJI_0049_W_12.json;;PENDING
C-64b7aeeaa1eea68a-1;ANNOTATION_CONFLICT;64b7aeeaa1eea68ae885160775e50e6251889c3791e0848dc74987e3bcb38f0e;KEEP_B;D:\temp\Dropbox\projects\NAZV2026\Anotacie\hotove_anotacie\Marek\1.2.2026_tiles_1024\DJI_0049_W_11.json;;PENDING
C-664b2898a3e086ac-1;ANNOTATION_CONFLICT;664b2898a3e086ac26ab4a7f2d9f510e648215a39ea11ea8ad5f6dda412e94d8;KEEP_B;D:\temp\Dropbox\projects\NAZV2026\Anotacie\hotove_anotacie\oliver\hotove-stromceky\DJI_0061_W_30.json;;PENDING
C-6fd36bfa1198d74d-1;ANNOTATION_CONFLICT;6fd36bfa1198d74d8b443e723904ae94530f6a5ba044d02750ea190ef63f85f0;KEEP_A;D:\temp\Dropbox\projects\NAZV2026\Anotacie\hotove_anotacie\Jakub\1.2.2026_hotovo (1)\1.2.2026_hotovo\DJI_0049_W_29.json;;PENDING
C-764692535ab832b1-1;ANNOTATION_CONFLICT;764692535ab832b11597132f65c947b5cba485b9d6c0dcf0440cb304c96a250d;KEEP_A;D:\temp\Dropbox\projects\NAZV2026\Anotacie\hotove_anotacie\oliver\19_4_Plocha_1_part1\DJI_0061_W_14.json;;PENDING
C-7d7acdfd5c8288d4-1;ANNOTATION_CONFLICT;7d7acdfd5c8288d468ee86a0ea8be9b00ac9b61affb264933eda2328704f4fa1;KEEP_A;D:\temp\Dropbox\projects\NAZV2026\Anotacie\hotove_anotacie\Jakub\1.2.2026_hotovo (1)\1.2.2026_hotovo\DJI_0049_W_20.json;;PENDING
C-87295b6d64a7461c-1;ANNOTATION_CONFLICT;87295b6d64a7461c3f37769fcf939593b5652b45d478a36a84225f491b8713b6;KEEP_A;D:\temp\Dropbox\projects\NAZV2026\Anotacie\hotove_anotacie\Jakub\1.2.2026_hotovo (1)\1.2.2026_hotovo\DJI_0049_W_10.json;;PENDING
C-8cad18e681381526-1;ANNOTATION_CONFLICT;8cad18e6813815267f66c75eae9c2cd9895387be6ac7330a499ce09a48d78e5a;EXCLUDE;;;PENDING
C-921931c1680606c3-1;ANNOTATION_CONFLICT;921931c1680606c31d03af9e48d2b291da7c1fd763356661d88773b5e055ae60;EXCLUDE;;;PENDING
C-9d549e4936387ab8-1;ANNOTATION_CONFLICT;9d549e4936387ab8928328633e821d23be9f5820e38400ee55f0a68468cd840e;KEEP_A;D:\temp\Dropbox\projects\NAZV2026\Anotacie\hotove_anotacie\Jakub\1.2.2026_hotovo (1)\1.2.2026_hotovo\DJI_0049_W_19.json;;PENDING
C-a23d4d1d7c4f2a53-1;ANNOTATION_CONFLICT;a23d4d1d7c4f2a5301c3668a4c69d395a5bf6fbabc03bf56a4b97c4da7b2d74e;KEEP_A;D:\temp\Dropbox\projects\NAZV2026\Anotacie\hotove_anotacie\Jakub\1.2.2026_hotovo (1)\1.2.2026_hotovo\DJI_0049_W_4.json;;PENDING
C-a360ba2b836dc966-1;ANNOTATION_CONFLICT;a360ba2b836dc966e1dd60b6352a2902160b603c295c1d658caea1893e1b9849;KEEP_A;D:\temp\Dropbox\projects\NAZV2026\Anotacie\hotove_anotacie\Jakub\1.2.2026_hotovo (1)\1.2.2026_hotovo\DJI_0049_W_21.json;;PENDING
C-af2f619ef655d567-1;ANNOTATION_CONFLICT;af2f619ef655d56736091eeb92a0bab92cbd59e9ad2317c429d7fc039ad37dce;KEEP_A;D:\temp\Dropbox\projects\NAZV2026\Anotacie\hotove_anotacie\Jakub\1.2.2026_hotovo (1)\1.2.2026_hotovo\DJI_0049_W_33.json;;PENDING
C-b6a338e1928fd17b-1;ANNOTATION_CONFLICT;b6a338e1928fd17bb18fbc410a5fde7fb2cd973f68cb919c44bd769a7bc86c47;KEEP_A;D:\temp\Dropbox\projects\NAZV2026\Anotacie\hotove_anotacie\Jakub\1.2.2026_hotovo (1)\1.2.2026_hotovo\DJI_0049_W_27.json;;PENDING
C-beea30e9c02df8ad-1;ANNOTATION_CONFLICT;beea30e9c02df8ad27ffa38b8ee4654df6c8713906749d0dc70488da7a66e542;KEEP_A;D:\temp\Dropbox\projects\NAZV2026\Anotacie\hotove_anotacie\Jakub\1.2.2026_hotovo (1)\1.2.2026_hotovo\DJI_0049_W_25.json;;PENDING
C-c598d745d79e4675-1;ANNOTATION_CONFLICT;c598d745d79e4675b6d0b273bf75fe933deb9da2e6d67289bcea049741039260;KEEP_A;D:\temp\Dropbox\projects\NAZV2026\Anotacie\hotove_anotacie\oliver\19_4_Plocha_1_part1\DJI_0061_W_21.json;;PENDING
C-c7329f6964f6187a-1;ANNOTATION_CONFLICT;c7329f6964f6187a5cc89771a46a80725bdf544fc5787a4bee2b7ba90423ee88;KEEP_A;D:\temp\Dropbox\projects\NAZV2026\Anotacie\hotove_anotacie\oliver\19_4_Plocha_1_part1\DJI_0061_W_26.json;;PENDING
C-c78b27def39a51ed-1;ANNOTATION_CONFLICT;c78b27def39a51ed7be949912540ecd35f00a37efe4ae51542b8dc038ac2f056;KEEP_A;D:\temp\Dropbox\projects\NAZV2026\Anotacie\hotove_anotacie\Jakub\1.2.2026_hotovo (1)\1.2.2026_hotovo\DJI_0049_W_34.json;;PENDING
C-d113063337ae00d8-1;ANNOTATION_CONFLICT;d113063337ae00d8e503c03efddbd4fb2f27952ab2ed82c599875e1fe2ab06cb;KEEP_A;D:\temp\Dropbox\projects\NAZV2026\Anotacie\hotove_anotacie\oliver\19_4_Plocha_1_part1\DJI_0061_W_10.json;;PENDING
C-d2258b52cfa5079a-1;ANNOTATION_CONFLICT;d2258b52cfa5079a954f968abcbd6e2fb7498a3e084073c38d2dcd79ab8755d5;EXCLUDE;;;PENDING
C-db1f9b74f70e57d2-1;ANNOTATION_CONFLICT;db1f9b74f70e57d262a25d3856494db665c5af02c196d22f08747be253d7a3fd;KEEP_B;D:\temp\Dropbox\projects\NAZV2026\Anotacie\hotove_anotacie\Marek\1.2.2026_tiles_1024\DJI_0049_W_24.json;;PENDING
C-e893f9d7d75d5b0a-1;ANNOTATION_CONFLICT;e893f9d7d75d5b0ae245deba3d402a91895ceb69291ea2c32b4d38703ecd57ab;KEEP_A;D:\temp\Dropbox\projects\NAZV2026\Anotacie\hotove_anotacie\oliver\19_4_Plocha_1_part1\DJI_0061_W_28.json;;PENDING
C-f1c88a8f2c5a29eb-1;ANNOTATION_CONFLICT;f1c88a8f2c5a29ebb8c9bc5d0b0a71797b6e7128fbd8b676de3e8fa1acb2afb7;KEEP_A;D:\temp\Dropbox\projects\NAZV2026\Anotacie\hotove_anotacie\oliver\19_4_Plocha_1_part1\DJI_0061_W_19.json;;PENDING
C-f2028bc40f0327d3-1;ANNOTATION_CONFLICT;f2028bc40f0327d30c1ced9ef81c9832cbba49eea3d3c6ad5993031744a645e9;KEEP_A;D:\temp\Dropbox\projects\NAZV2026\Anotacie\hotove_anotacie\Jakub\1.2.2026_hotovo (1)\1.2.2026_hotovo\DJI_0049_W_3.json;;PENDING
G-b877049b33db1121-3;GEOMETRY;7c392d6dc85d4483b2d43aaadae19e2234a43aac68f666031d3b83b408cb1783;AUTO_FIX_APPROVED;;;PENDING
G-134a2ba923c989d7-3;GEOMETRY;f13306073fcee8f91e0615987cedee5d3bfdf83edcd1ce56349b90eee8346c45;AUTO_FIX_APPROVED;;;PENDING
G-2f7bdcc05b972c96-6;GEOMETRY;eee73cc1e303f8b8b9901ed36c28d83ea1c04a75d2625b0b9e56c48fb33d5320;AUTO_FIX_APPROVED;;;PENDING
G-514d689b857ed838-7;GEOMETRY;b5aa8de8ef4a8aa8bd98584fef420116a3dfbecfaece3459bd88d17627d724c5;AUTO_FIX_APPROVED;;;PENDING
G-fae500c24c19e906-4;GEOMETRY;1f145349212ed5e20a22c3aea0d01652bd5aa097d3c5c0bcfd51bfc79e51ef9b;AUTO_FIX_APPROVED;;;PENDING
G-fdbdd0b8c37702bd-8;GEOMETRY;fd7d1de685da276a61be6b3a4d35c93a9bd3340d21bb52ae0adf6d583a35fba2;AUTO_FIX_APPROVED;;;PENDING
G-7eb6d62fca4d6a80-6;GEOMETRY;4d3cb19f4246ad29f91915c0ea353fbc0c21a2076ed41ac4ec130b928b42d935;AUTO_FIX_APPROVED;;;PENDING
G-6bb1e6116138e287-17;GEOMETRY;09527ccf95783e863e776c2230e32da37341dfce0ee3ca9b4f1401ec681a299c;AUTO_FIX_APPROVED;;;PENDING
G-ecf0063c0ca5b93b-19;GEOMETRY;77395b7c2991e73cd74616f392003b8add6aace799f7db479ef6928933178f23;AUTO_FIX_APPROVED;;;PENDING
G-6712bcedd342f660-20;GEOMETRY;ac8c62fddeaa693840f37659a3c2bff7941ee1d399ba612602fa4e97acf922dd;AUTO_FIX_APPROVED;;;PENDING
G-3e567c825ccd0240-5;GEOMETRY;56ed4f13be1365324c0b26e28333c048e40f467ccf54be48b36e67414ad5ecb5;AUTO_FIX_APPROVED;;;PENDING
G-7e2814440a5a770b-12;GEOMETRY;12623b8598e8fa71b8f1e776516b447475a24248da374f1336dd1bac6bb078ca;AUTO_FIX_APPROVED;;;PENDING
G-fd1ca6dcb50b0bd8-19;GEOMETRY;45308a91a3365051d660d673db22f2947636af2f52e580cb12538ad836ae41fe;AUTO_FIX_APPROVED;;;PENDING
G-32d69b697408d8c2-5;GEOMETRY;dd06e263ba88c2cd8ef398360eb310790fe9dbda82cb59b4b86cb1d3db26d484;AUTO_FIX_APPROVED;;;PENDING
G-0766a3db422b900b-2;GEOMETRY;a088a636eb44749316615bed8c777e9554e47d772d57c6454e091ef165db7f3f;AUTO_FIX_APPROVED;;;PENDING
G-9d76d6917469aa91-9;GEOMETRY;a4b2cff70ad1e48e6e5de69c80ecf23cead73046ebf88e217daf95ac81ea84b0;;;;PENDING
G-9d76d6917469aa91-13;GEOMETRY;a4b2cff70ad1e48e6e5de69c80ecf23cead73046ebf88e217daf95ac81ea84b0;;;;PENDING
G-bb58093bfb216e2b-15;GEOMETRY;09bdb7e607d634164dc01db590fd61cf912396f60ef9ca961fdc58fa3712b2c7;;;;PENDING
G-fe9e361edefe169e-16;GEOMETRY;1f9917036773da11c8542aa355d0c8000dac38c51c6b92a6535afb30be6539bc;;;;PENDING
G-425c73c718e8afee-2;GEOMETRY;bc506fc4dee34b334b4ddb5c5cdc304b38cb53f862f7706c87a0cd4dba5991b2;;;;PENDING
G-67649bf7d5006358-4;GEOMETRY;77d87afd1b2daabd74a5ba915b590cf5e35231520e02194602dfb1a57d392262;;;;PENDING
G-9892a86395d830e6-2;GEOMETRY;9dc414d206dc2d49c010c4020497ce4d5be1e21b9bbed9d2b21b069cd046baab;;;;PENDING
G-6be4863eee434810-3;GEOMETRY;7e3e2d48dfc0067eb8661af3cb44b041c97aa42470ef8ad6c2cd4cee7efe9985;;;;PENDING
G-a6bd4dad77bd12ac-5;GEOMETRY;ffcfd37911268b7a1a2b9dac5bf3c9e63b341ce3414fa653513f327425e430ce;;;;PENDING
G-e7b2f57d7ea2bbcf-9;GEOMETRY;95c2bf5d6e973553b1c2a73981e95afbd3ae816fdc268da61f445459789d782d;;;;PENDING
G-bf10da753646b027-16;GEOMETRY;40ba796bc132c49c0347fc150b632041b5819cf7841134e1d68d03bca3930f36;;;;PENDING
G-78798ff2bff8549c-3;GEOMETRY;f791a6fd7dce3c66fb0ef7539bf1dab8bf1bca21817b7332fc185861a114362b;;;;PENDING
G-f7533335ced5928b-4;GEOMETRY;72cd38dcc46bb1a20a58dc40bdeb1b1876da7f16a0e33e1b52bbf70c0cd2f794;;;;PENDING
